<?xml version="1.0" encoding="UTF-8" standalone="yes"?>
<vehicles>
    <summary>Summary : Car Count is 1, Big Wheel Count is 2, Bicycle Count is 1, Motorcycle Count is 1, Hang Glider Count is 1, </summary>
    <vehicle>
        <id>vehicle 1</id>
        <vehicleType>Big Wheel</vehicleType>
    </vehicle>
    <vehicle>
        <id>vehicle 2</id>
        <vehicleType>Bicycle</vehicleType>
    </vehicle>
    <vehicle>
        <id>vehicle 3</id>
        <vehicleType>Big Wheel</vehicleType>
    </vehicle>
    <vehicle>
        <id>vehicle 4</id>
        <vehicleType>Hang Glider</vehicleType>
    </vehicle>
    <vehicle>
        <id>vehicle 5</id>
        <vehicleType>Car</vehicleType>
    </vehicle>
    <vehicle>
        <id>vehicle 6</id>
        <vehicleType>Motorcycle</vehicleType>
    </vehicle>
</vehicles>
